email,subject,message
none@gmail.com,Yo,Prueba para ver si funciona esto
none@gmail.com,Yo,Prueba para ver si funciona esto
none@gmail.com,Yo,Prueba para ver si funciona esto
none@gmail.com,Yo,Prueba para ver si funciona esto
none@gmail.com,Yo,Prueba para ver si funciona esto
none@gmail.com,Yo,Prueba para ver si funciona esto
none@gmail.com,Yo,Prueba para ver si funciona esto
none@gmail.com,Yo,Prueba para ver si funciona esto
none@gmail.com,Yo,Prueba para ver si funciona esto
none@gmail.com,Yo,Prueba para ver si funciona esto
none@gmail.com,Yo,Prueba para ver si funciona esto
none@gmail.com,Yo,Prueba para ver si funciona esto
